,subject,body
0,Exciting News: New Electronics Arrivals!,"Hi We're thrilled to share our latest electronics arrivals! From cutting-edge gadgets to must-have tech accessories, we have something for every tech enthusiast. Explore our collection now and stay ahead in the world of electronics."
1,Elevate Your Style with Our Latest Clothing Collection,"Hello Upgrade your wardrobe with our newest clothing collection! Whether you're into casual chic or formal elegance, our styles are designed to make you stand out. Dive into the latest trends and redefine your fashion statement."
2,Discover Bestsellers and Hidden Gems in Books,"Hey Get lost in the world of literature with our handpicked selection of books. From bestsellers to hidden gems, we've curated a diverse range of titles to suit every reading preference. Find your next favorite read today!"
3,Step Out in Style with Our Trendy Shoe Collection,"Hi Put your best foot forward with our latest shoe collection. From sneakers to heels, we have the perfect pair for every occasion. Explore our trendy designs and step out in style."
4,Adorn Yourself with Elegance: New Jewelry Arrivals,"Hello Indulge in luxury with our latest jewelry arrivals. From timeless classics to contemporary pieces, our collection is designed to add a touch of elegance to any outfit. Explore our jewelry range and shine bright!"
5,Transform Your Home with Our Stunning Decor,Hi Elevate your living space with our exquisite home decor items. Discover a range of stylish pieces that will transform your home into a haven of comfort and beauty. Dive into our collection and redefine your home aesthetic.
6,Unleash Your Inner Athlete: Sporting Goods Galore!,"Hello Take your fitness journey to the next level with our latest sporting goods. From high-performance gear to fitness accessories, we have everything you need to unleash your inner athlete. Explore our collection and achieve your fitness goals!"
7,Enhance Your Beauty Routine with Our Latest Products,"Hi Pamper yourself with our newest beauty products. From skincare essentials to makeup must-haves, we've curated a collection that will enhance your natural beauty. Explore our beauty range and treat yourself to a touch of luxury."
8,Playtime Fun: Discover Our Latest Toys and Games,"Hello Bring joy to playtime with our latest toys and games. From educational toys to entertaining games, we have something for every age. Explore our collection and make playtime unforgettable for your loved ones."
9,Cook in Style: New Kitchen Appliances Await!,"Hi Upgrade your kitchen with our latest appliances. From smart gadgets to time-saving tools, our collection is designed to make cooking a delightful experience. Explore our kitchen appliances and cook in style."
10,Elevate Your Living Space with Our Furniture Collection,"Hello Transform your home with our latest furniture collection. From contemporary designs to timeless classics, we have furniture pieces that will complement any decor style. Explore our collection and redefine your living space."
11,Achieve Your Fitness Goals: Health and Fitness Equipment,"Hi Embark on your fitness journey with our latest health and fitness equipment. From workout gear to wellness essentials, we have everything you need to achieve your health goals. Explore our collection and prioritize your well-being."
12,Unleash Your Creativity: Art and Craft Supplies Galore!,"Hello Fuel your artistic passion with our latest art and craft supplies. From high-quality paints to unique crafting tools, we have everything you need to bring your creative ideas to life. Explore our collection and unleash your creativity."
13,Spoil Your Pets: New Arrivals in Pet Supplies,"Hi Show your furry friends some love with our latest pet supplies. From cozy beds to interactive toys, we have everything your pets need for a happy and healthy life. Explore our collection and spoil your pets today!"
14,Gear Up for Adventure: Explore Our Outdoor Gear,"Hello Embrace the great outdoors with our latest outdoor gear. From camping essentials to hiking gear, we have everything you need for your next adventure. Explore our collection and gear up for unforgettable experiences."
15,Stay Organized in Style: Stationery and Office Supplies,"Hi Elevate your workspace with our latest stationery and office supplies. From stylish notebooks to functional desk accessories, we have everything you need to stay organized in style. Explore our collection and enhance your work environment."
16,Create Beautiful Melodies: Musical Instruments,"Hello Discover the joy of music with our latest musical instruments. From beginner-friendly options to professional-grade instruments, we have something for every music enthusiast. Explore our collection and create beautiful melodies."
17,Accessorize in Style: Handbags and Purses,"Hi Complete your look with our latest handbags and purses. From chic clutches to spacious totes, we have a variety of styles to suit every occasion. Explore our collection and accessorize in style."
18,Timeless Treasures: Collectibles for Every Collector,"Hello Discover timeless treasures with our latest collectibles. From rare finds to cherished classics, our collection caters to every collector's passion. Explore our collectibles and add unique pieces to your collection."
19,Vintage Charm: Explore Our Vintage Items,"Hi Indulge in the charm of the past with our latest vintage items. From retro decor to classic fashion pieces, our collection brings vintage elegance to the modern world. Explore our vintage items and add a touch of nostalgia to your life."
20,Sleep in Comfort: Bedding and Linens Collection,"Hello Transform your bedroom into a haven of comfort with our latest bedding and linens collection. From cozy blankets to luxurious sheets, we have everything you need for a restful night's sleep. Explore our collection and sleep in comfort."
21,Smart Living: Explore Our Smart Home Devices,"Hi Upgrade to smart living with our latest smart home devices. From intelligent thermostats to voice-controlled assistants, our collection brings convenience to your fingertips. Explore our smart home devices and embrace the future of home living."
22,Adorable Essentials: Baby Products for Your Little Ones,"Hello Spoil your little ones with our latest baby products. From adorable clothing to essential nursery items, our collection is designed to cater to the needs of your precious ones. Explore our baby products and make parenting a joyous experience."
23,Timeless Elegance: Explore Our Watch Collection,"Hi Adorn your wrist with timeless elegance from our latest watch collection. From classic designs to modern styles, our watches are a perfect blend of fashion and functionality. Explore our watch collection and make a statement with every tick."
24,Sunglasses for Every Style: Explore Our Collection,"Hello Shield your eyes in style with our latest sunglasses collection. From trendy frames to classic designs, our sunglasses are the perfect accessory for every season. Explore our collection and find the perfect pair to elevate your look."
25,Car Essentials: Upgrade Your Ride with Accessories,"Hi Enhance your driving experience with our latest car accessories. From tech-savvy gadgets to stylish interior upgrades, our collection has everything you need to upgrade your ride. Explore our car accessories and hit the road in style."
26,Green Thumb Alert: Explore Our Garden Tools,"Hello Embrace your inner gardener with our latest garden tools. From practical essentials to innovative gadgets, our collection is designed to make gardening a joyous experience. Explore our garden tools and cultivate a vibrant garden."
27,Travel in Style: Explore Our Travel Accessories,"Hi Prepare for your next adventure with our latest travel accessories. From durable luggage to compact travel gadgets, our collection is designed to make your journeys hassle-free and stylish. Explore our travel accessories and travel in style."
28,Unleash Your Creativity: DIY Kits for Every Passion,"Hello Ignite your creativity with our latest DIY kits. From crafting projects to hands-on experiments, our collection caters to every passion. Explore our DIY kits and embark on a journey of self-expression and discovery."
29,Party Planning Made Easy: Discover Our Supplies,"Hi Plan the perfect party with our latest party supplies. From decorations to tableware, our collection has everything you need to host a memorable event. Explore our party supplies and make your celebrations unforgettable."
30,Surprise Every Month: Subscription Boxes Await!,"Hello Experience the joy of surprise every month with our curated subscription boxes. From beauty essentials to gourmet treats, our subscription boxes cater to every taste. Explore our subscription boxes and treat yourself to monthly delights."
31,Learn Something New: Educational Courses Await!,"Hi Expand your knowledge with our latest educational courses. From skill-building to personal development, our courses cover a diverse range of topics. Explore our educational courses and embark on a journey of continuous learning."
32,Enhance Your Tech: Explore Electronics Accessories,"Hello Elevate your tech game with our latest electronics accessories. From sleek chargers to stylish cases, our collection is designed to complement your devices seamlessly. Explore our electronics accessories and enhance your tech experience."
33,Accessorize Your Smartphone: Explore Accessories,"Hi Give your smartphone a stylish upgrade with our latest accessories. From protective cases to innovative gadgets, our collection has everything you need to personalize your device. Explore our smartphone accessories and stand out in the digital crowd."
34,Game Night Ready: Board Games for Every Occasion,"Hello Make game night unforgettable with our latest board games. From classic favorites to modern challenges, our collection caters to every gaming preference. Explore our board games and gather your friends for a night of fun and laughter."
35,Capture Moments: Photography Equipment Galore!,"Hi Capture life's moments with our latest photography equipment. From professional cameras to smartphone accessories, our collection is designed to enhance your photography skills. Explore our photography equipment and immortalize your memories."
36,Step Out in Style: Explore Our Sneaker Collection,"Hello Elevate your street style with our latest sneaker collection. From trendy designs to classic kicks, our sneakers are the perfect blend of comfort and fashion. Explore our collection and step out in style wherever you go."
37,Personalized Perfection: Discover Our Gift Collection,"Hi Make every gift special with our personalized collection. From monogrammed items to custom engravings, our gifts are designed to create lasting memories. Explore our personalized gifts and surprise your loved ones with perfection."
38,Handcrafted Excellence: Artisanal Products Await!,"Hello Experience the beauty of craftsmanship with our latest artisanal products. From handcrafted decor to artisanal fashion, our collection showcases the excellence of skilled artisans. Explore our artisanal products and bring unique pieces into your life."
39,Virtual Excellence: Explore Our Consulting Services,"Hi Unlock virtual excellence with our consulting services. From expert advice to personalized coaching, our services are designed to elevate your virtual presence. Explore our consulting services and achieve excellence in the digital realm."
40,Upgrade Your Living Space with Our Elegant Furniture Collection,"Dear Transform your home into a haven with our exquisite furniture pieces. From modern sofas to classic dining sets, we have the perfect pieces to suit your style and comfort. Explore our collection today and let us enhance your living experience."
41,Indulge in Luxury: Discover Our Premium Bedding Sets,Hello Experience the epitome of comfort and style with our luxurious bedding sets. Dive into a world of softness and quality. Make every night a blissful escape with our premium collection. Explore the latest designs and upgrade your sleep sanctuary.
42,Master the Art of Cooking with Our Cookware Sets,"Hi Elevate your culinary skills with our top-notch cookware sets. Crafted for both novice chefs and seasoned pros, our sets promise durability and performance. Unleash your creativity in the kitchen - explore our cookware range today."
43,Dine in Style: Explore Our Elegant Dinnerware Collections,"Dear Set the perfect table for any occasion with our elegant dinnerware collections. From casual dinners to festive feasts, our sets add a touch of sophistication to your dining experience. Explore our curated selection and elevate your dining aesthetics."
44,Efficiency Meets Style: Small Kitchen Appliances You'll Love,"Hello Upgrade your kitchen with our range of small appliances that blend efficiency with style. From compact coffee makers to powerful blenders, our collection is designed to make your kitchen a hub of convenience. Explore our offerings and redefine your cooking experience."
45,Transform Your Space: Discover Our Home Decor Items,"Hi Add personality to your home with our exquisite home decor items. From statement wall art to chic storage solutions, our collection promises to transform your living spaces. Explore our latest arrivals and make your home uniquely yours."
46,Wrap Yourself in Luxury: Introducing Our Towel Sets,"Dear Step out of the shower and into a world of luxury with our plush towel sets. Crafted for softness and durability, our towels are the perfect addition to your bathroom. Treat yourself to the ultimate bathing experience - explore our towel sets today."
47,Keep Your Home Clean: Discover Our Vacuum Cleaners,"Hello [Customer Name],

Effortlessly maintain a clean and healthy home with our advanced vacuum cleaners. From versatile handheld models to powerful uprights, our range caters to all your cleaning needs. Explore our collection and experience the joy of a spotless home."
48,Elegance in Every Window: Curtains and Blinds Collection,"Hi [Customer Name],

Dress your windows in elegance with our stunning curtains and blinds collection. From classic designs to contemporary styles, our window treatments add a touch of sophistication to any room. Explore our range and redefine your window aesthetics."
49,Illuminate Your Space: Lamps and Lighting Fixtures,"Dear [Customer Name],

Create a warm and inviting atmosphere with our exquisite lamps and lighting fixtures. Whether you prefer modern pendants or classic table lamps, our collection has something for every taste. Explore our lighting options and brighten up your space."
50,Adorn Your Walls: Discover Our Wall Art Collection,"Hello [Customer Name],

Turn your walls into a canvas of expression with our diverse wall art collection. From vibrant paintings to minimalist prints, our art pieces add character to any space. Explore our curated selection and find the perfect pieces for your walls."
51,Stay Organized: Storage Bins and Organizers for Every Room,"Hi [Customer Name],

Declutter and organize your living spaces with our versatile storage bins and organizers. From stylish baskets to functional shelving units, our collection combines form and function. Explore our range and bring order to your home."
52,Step onto Luxury: Rugs and Carpets Collection,"Dear [Customer Name],

Add warmth and style to your floors with our luxurious rugs and carpets. From cozy shaggy rugs to elegant area carpets, our collection offers a variety of options to suit your taste. Explore our range and step onto a world of comfort."
53,Sweet Dreams: Explore Our Collection of Bed Pillows,"Hello [Customer Name],

Enhance your sleep experience with our premium bed pillows. Designed for ultimate comfort and support, our pillows cater to various sleeping preferences. Explore our collection and discover the perfect pillow for your sweet dreams."
54,Upgrade Your Sleep: Discover Our Mattress Toppers,"Hi [Customer Name],

Transform your mattress into a haven of comfort with our high-quality mattress toppers. Whether you prefer memory foam or cooling gel, our toppers provide an added layer of luxury to your sleep. Explore our options and upgrade your restful nights."
55,Breathe Easy: Explore Our Range of Air Purifiers,"Dear [Customer Name],

Create a healthier home environment with our advanced air purifiers. Designed to remove allergens and pollutants, our purifiers ensure you breathe clean air. Explore our collection and experience the benefits of pure and fresh indoor air."
56,Stay Cool: Discover Our Range of Fans,"Hello [Customer Name],

Beat the heat with our stylish and powerful fans. From ceiling fans to tower fans, our collection offers cooling solutions for every space. Explore our range and stay cool in the hottest days of the year."
57,Achieve Ideal Humidity: Explore Our Humidifiers,"Hi [Customer Name],

Maintain optimal humidity levels in your home with our efficient humidifiers. Whether for health reasons or personal comfort, our range caters to your needs. Explore our collection and create a comfortable living environment for you and your family."
58,Brew Your Perfect Cup: Coffee Makers and Tea Kettles,"Dear [Customer Name],

Indulge in the art of brewing with our premium coffee makers and tea kettles. From espresso machines to elegant kettles, our collection caters to coffee and tea enthusiasts. Explore our range and elevate your daily caffeine ritual."
59,Bake with Precision: Explore Our Bakeware Collection,"Hello [Customer Name],

Unleash your inner pastry chef with our high-quality bakeware collection. From durable cake pans to versatile mixing bowls, our bakeware is designed for both novice bakers and culinary experts. Explore our collection and bake with precision."
60,Slice and Dice with Style: Cutlery Sets for Every Kitchen,"Hi [Customer Name],

Upgrade your kitchen arsenal with our stylish and functional cutlery sets. From chef's knives to steak knives, our collection offers precision and durability. Explore our range and slice and dice your way to culinary perfection."
61,Luxury at Your Fingertips: Explore Our Bathroom Accessories,"Dear [Customer Name],

Transform your bathroom into a spa-like oasis with our luxury bathroom accessories. From sleek soap dispensers to elegant towel bars, our collection adds a touch of opulence to your daily routine. Explore our range and pamper yourself in style."
62,Laundry Made Stylish: Explore Our Laundry Baskets,"Hello [Customer Name],

Turn laundry day into a stylish affair with our chic laundry baskets. From collapsible hampers to woven baskets, our collection combines functionality with aesthetics. Explore our range and add a touch of style to your laundry routine."
63,Wrinkle-Free Perfection: Irons and Ironing Boards,"Hi [Customer Name],

Achieve wrinkle-free perfection with our advanced irons and ironing boards. From steam irons to compact boards, our collection makes ironing a breeze. Explore our range and ensure your clothes look flawless with every wear."
64,Maximize Space: Shelving Units for Every Room,"Dear [Customer Name],

Organize and maximize your space with our versatile shelving units. From minimalist wall shelves to modular storage, our collection caters to your organizational needs. Explore our range and create a clutter-free living environment."
65,Spoil Your Pet: Explore Our Comfortable Pet Beds,"Hello [Customer Name],

Give your furry friend the comfort they deserve with our range of pet beds. From cozy cushions to stylish sofas, our collection ensures your pet sleeps in style. Explore our options and spoil your pet with the best in pet comfort."
66,Sparkling Clean: Cleaning Supplies for Every Task,"Hi [Customer Name],

Keep your home sparkling clean with our comprehensive range of cleaning supplies. From eco-friendly cleaners to durable scrub brushes, our collection makes every cleaning task a breeze. Explore our range and enjoy a pristine living space."
67,Preserve Memories: Picture Frames for Every Occasion,"Dear [Customer Name],

Capture and preserve your cherished memories with our elegant picture frames. From classic designs to modern styles, our frames add a touch of sophistication to your favorite moments. Explore our collection and showcase your memories in style."
68,Reflect Your Style: Mirrors for Every Room,"Hello [Customer Name],

Add depth and style to your spaces with our exquisite mirrors. From full-length mirrors to decorative wall mirrors, our collection caters to every room in your home. Explore our range and reflect your unique sense of style."
69,Stay Cool: Window Air Conditioners for Every Space,"Hi [Customer Name],

Beat the summer heat with our efficient window air conditioners. From compact units to powerful models, our collection ensures cool and comfortable living spaces. Explore our range and stay cool during the hottest days of the year."
70,On-the-Go Clean: Handheld Vacuums for Quick Cleanup,"Dear [Customer Name],

Experience on-the-go cleanliness with our powerful handheld vacuums. From quick spills to pet hair, our compact vacuums make cleanup a breeze. Explore our range and enjoy the convenience of a clean space, wherever you go."
71,Blend with Precision: Explore Our Blender Collection,"Hello [Customer Name],

Create smooth and delicious blends with our high-performance blenders. From nutrient-packed smoothies to creamy soups, our collection caters to your blending needs. Explore our range and elevate your culinary creations with precision."
72,Toast in Style: Discover Our Range of Toasters,"Hi [Customer Name],

Start your day with perfectly toasted bread using our stylish toasters. From classic designs to modern aesthetics, our toasters add a touch of style to your kitchen. Explore our range and enjoy the perfect toast every time."
73,Bring Nature Indoors: Explore Our Indoor Plants,"Dear [Customer Name],

Bring the beauty of nature indoors with our diverse collection of indoor plants. From low-maintenance succulents to vibrant tropical plants, our selection adds a touch of greenery to your living spaces. Explore our options and embrace the joy of indoor gardening."
74,Dispose in Style: Trash Cans for Every Room,"Hello [Customer Name],

Elevate your waste disposal with our stylish trash cans. From sleek designs for the kitchen to compact bins for bathrooms, our collection ensures that even disposing of waste is done in style. Explore our range and keep your spaces clean and chic."
75,Enhance Your Bathing Space: Shower Curtains,"Hi [Customer Name],

Transform your bathroom with our stunning shower curtains. From playful patterns to elegant designs, our collection adds a touch of personality to your bathing space. Explore our range and enhance your daily routine with our stylish curtains."
76,Stay on Track: Bathroom Scales for Your Wellness Journey,"Dear [Customer Name],

Embark on your wellness journey with our precision bathroom scales. From sleek digital models to classic designs, our scales help you stay on track with your health goals. Explore our range and make every step towards a healthier you."
77,Dine in Style: Explore Our Placemats Collection,"Hello [Customer Name],

Set a stylish table with our collection of chic placemats. From vibrant colors to sophisticated patterns, our placemats add flair to your dining experience. Explore our range and elevate your meals with our stylish placemats."
78,Experience Comfort Outdoors: Outdoor Furniture,"Hi [Customer Name],

Transform your outdoor space into a haven of comfort with our durable outdoor furniture. From cozy patio sets to stylish loungers, our collection ensures you make the most of your outdoor moments. Explore our range and embrace comfort outdoors."
79,Enhance Workplace Safety with Our Hard Hats,"Dear [Customer Name],

We understand the importance of providing top-notch protection for your team. Our hard hats are designed to meet the highest safety standards while ensuring comfort and durability. Invest in the safety of your workforce with our reliable hard hats today."
80,See Clearly with Our Safety Glasses,"Dear [Customer Name],

Ensure the safety of your team's eyes with our high-quality safety glasses. Designed for clarity and comfort, our glasses provide essential eye protection in any work environment. Make the smart choice for your team's safety—choose our safety glasses."
81,Protect Your Hearing with Our Ear Plugs,"Dear [Customer Name],

Preserve your team's hearing with our top-of-the-line ear plugs. Engineered for comfort and noise reduction, our ear plugs offer a reliable solution for a quieter and safer work environment. Prioritize the well-being of your team—try our ear plugs today."
82,Breathe Easy with Our Respirators,"Dear [Customer Name],

Safety is paramount, especially when it comes to respiratory protection. Our respirators are designed to provide optimal air filtration, ensuring a safe and healthy work environment. Invest in the well-being of your team—choose our respirators for unmatched protection."
83,Face the Future Safely with Our Face Shields,"Dear [Customer Name],

Shield your team from potential hazards with our advanced face shields. Our products combine durability with visibility, offering superior protection without compromising comfort. Choose our face shields for a safer workplace."
84,Be Seen and Safe with High-Visibility Vests,"Dear [Customer Name],

Safety is all about visibility. Our high-visibility vests ensure that your team remains seen in any work environment. Designed for comfort and durability, these vests are an essential addition to your safety gear. Prioritize visibility—choose our high-visibility vests."
85,Step Confidently with Steel-Toe Boots,"Dear [Customer Name],

Foot protection is non-negotiable. Our steel-toe boots offer the perfect blend of safety and comfort. Ensure your team steps confidently in any work setting. Prioritize foot safety—invest in our steel-toe boots today."
86,Secure Your Hands with Our Work Gloves,"Dear [Customer Name],

A firm grip on safety starts with the right gloves. Our work gloves provide superior protection without compromising dexterity. Keep your team's hands safe and productive—choose our work gloves for unmatched quality."
87,Knee Protection for a Safer Workplace,"Dear [Customer Name],

Knee injuries can be debilitating. Our knee pads offer reliable protection, ensuring your team can work comfortably and safely. Prioritize knee safety—choose our knee pads for enhanced workplace well-being."
88,Stay Secure with Our Safety Harnesses,"Dear [Customer Name],

Elevate your team's safety with our premium safety harnesses. Designed for reliability and comfort, our harnesses provide essential fall protection. Invest in the security of your team—choose our safety harnesses."
89,Be Ready for Emergencies with Our Fire Extinguishers,"Dear [Customer Name],

Fire safety is a priority. Our fire extinguishers are designed to be effective and easy to use, ensuring that your team is prepared for any emergency. Choose our fire extinguishers for peace of mind and workplace safety."
90,Handle Emergencies Swiftly with Our First Aid Kits,"Dear [Customer Name],

Quick response is crucial in emergencies. Our first aid kits are equipped with essential supplies to handle injuries promptly. Prioritize the well-being of your team—choose our first aid kits for a safer workplace."
91,Mark Safety Zones with Our Safety Cones,"Dear [Customer Name],

Create clear safety zones with our durable safety cones. Designed for visibility and stability, our safety cones are an essential addition to any workspace. Ensure a safer environment—choose our safety cones."
92,Communicate Safety Clearly with Our Safety Signage,"Dear [Customer Name],

Clear communication is key to a safe workplace. Our safety signage is designed to convey important information effectively. Prioritize clarity—choose our safety signage for a safer work environment."
93,Protect Your Vision with Our Welding Helmets,"Dear [Customer Name],

Welding poses unique risks to the eyes. Our welding helmets offer advanced protection, ensuring that your team's vision is safeguarded during every task. Prioritize eye safety—choose our welding helmets."
94,Handle Hazardous Materials Safely with Chemical-Resistant Gloves,"Dear [Customer Name],

When dealing with hazardous materials, the right gloves are crucial. Our chemical-resistant gloves provide reliable protection without compromising dexterity. Choose safety—invest in our chemical-resistant gloves."
95,Ensure Clear Vision with Our Safety Goggles,"Dear [Customer Name],

Clear vision is essential for safety. Our safety goggles are designed for comfort and protection, ensuring that your team can work with precision. Choose our safety goggles for unmatched clarity and safety."
96,Stay Visible with Reflective Tape,"Dear [Customer Name],

Visibility is crucial in low-light conditions. Our reflective tape offers enhanced visibility, ensuring that your team remains seen even in challenging environments. Prioritize visibility—choose our reflective tape."
97,Control Access with Our Lockout/Tagout Devices,"Dear [Customer Name],

Control access to hazardous areas with our reliable lockout/tagout devices. Designed for safety and efficiency, our devices ensure that your team can work securely. Choose our lockout/tagout devices for enhanced workplace safety."
98,Prevent Falls with Our Fall Arrest Systems,"Dear [Customer Name],

Falls are a significant workplace risk. Our fall arrest systems offer reliable protection, ensuring that your team can work at heights safely. Prioritize fall prevention—choose our fall arrest systems for unmatched safety."
99,Mark Hazardous Areas with Our Safety Barricades,"Dear [Customer Name],

Ensure clear demarcation of hazardous areas with our durable safety barricades. Designed for visibility and stability, our barricades are an essential addition to your safety measures. Prioritize safety—choose our safety barricades."
100,Cover Up with Protective Clothing (Coveralls),"Dear [Customer Name],

Protective clothing is a fundamental part of workplace safety. Our coveralls offer full-body protection without sacrificing comfort. Ensure the safety of your team—choose our protective clothing for unmatched quality."
101,See More with Our Safety Mirrors,"Dear [Customer Name],

Enhance visibility and safety with our high-quality safety mirrors. Designed for clarity and durability, our mirrors are an essential addition to your workplace. Choose our safety mirrors for a safer environment."
102,Emergency Eye Care with Our Eyewash Stations,"Dear [Customer Name],

Quick eye care is essential in emergencies. Our eyewash stations are designed for swift response and optimal eye protection. Prioritize the well-being of your team—choose our eyewash stations for a safer workplace."
103,Detect Gas Leaks with Our Gas Detectors,"Dear [Customer Name],

Gas leaks pose serious risks. Our gas detectors offer reliable and accurate detection, ensuring that your team can respond swiftly to potential hazards. Choose our gas detectors for enhanced workplace safety."
104,Illuminate Your Path with Our Headlamps,"Dear [Customer Name],

Work safely in low-light conditions with our high-performance headlamps. Designed for comfort and visibility, our headlamps are an essential tool for various industries. Prioritize safety—choose our headlamps."
105,Block Out Noise with Our Noise-Canceling Headphones,"Dear [Customer Name],

A quiet workplace is a safe workplace. Our noise-canceling headphones provide superior noise reduction, ensuring that your team can focus on tasks without distraction. Choose our headphones for a quieter and safer environment."
106,Relieve Fatigue with Anti-Fatigue Mats,"Dear [Customer Name],

Combat fatigue in the workplace with our anti-fatigue mats. Designed for comfort and durability, our mats provide relief during prolonged standing. Prioritize well-being—choose our anti-fatigue mats for a healthier workplace."
107,Support Your Back with Our Back Support Belts,"Dear [Customer Name],

Back support is crucial for workplace health. Our back support belts offer reliable lumbar support, ensuring that your team can work comfortably and safely. Choose our back support belts for enhanced well-being."
108,Stay Alert with Our Safety Whistles,"Dear [Customer Name],

In emergencies, every second counts. Our safety whistles are designed for loud and clear alerts, ensuring that your team can communicate effectively. Choose our safety whistles for swift response and heightened safety."
109,Catch Falls with Safety Nets,"Dear [Customer Name],

Prevent injuries from falls with our durable safety nets. Designed for reliability and strength, our nets offer an additional layer of protection for your team. Choose our safety nets for enhanced workplace safety."
110,Secure Your Equipment with Safety Locks,"Dear [Customer Name],

Protect your equipment and ensure workplace safety with our robust safety locks. Designed for security and ease of use, our locks provide an extra layer of protection. Choose our safety locks for peace of mind."
111,Handle Sharp Objects with Cut-Resistant Gloves,"Dear [Customer Name],

Sharp objects require reliable protection. Our cut-resistant gloves offer the necessary defense without compromising dexterity. Prioritize hand safety—choose our cut-resistant gloves for enhanced workplace well-being."
112,Reduce Vibration with Anti-Vibration Gloves,"Dear [Customer Name],

Reduce the impact of vibrations on your hands with our anti-vibration gloves. Designed for comfort and protection, our gloves are essential for tasks that involve vibration. Choose our anti-vibration gloves for safer hands."
113,Mark Safety Zones with Our Safety Tapes,"Dear [Customer Name],

Create clear safety zones with our durable safety tapes. Designed for visibility and adherence, our tapes are an essential addition to any workspace. Ensure a safer environment—choose our safety tapes."
114,Illuminate Emergency Situations with Safety Flares,"Dear [Customer Name],

In emergencies, visibility is key. Our safety flares provide bright illumination, ensuring that your team can respond effectively. Choose our safety flares for heightened safety in emergency situations."
115,Toe Protection with Our Toe Guards,"Dear [Customer Name],

Protect toes from potential hazards with our durable toe guards. Designed for safety and comfort, our guards offer an additional layer of protection for your team. Choose our toe guards for enhanced workplace safety."
116,Convey Safety Messages with Our Safety Posters,"Dear [Customer Name],

Clear communication is crucial for workplace safety. Our safety posters convey important messages effectively, ensuring that your team is well-informed. Prioritize clarity—choose our safety posters for a safer work environment."
117,Ensure Safe Access with Safety Chains,"Dear [Customer Name],

Control access and ensure safe entry with our sturdy safety chains. Designed for security and ease of use, our chains provide an additional layer of protection. Choose our safety chains for peace of mind."
118,Guide to Safety with Emergency Exit Signs,"Dear [Customer Name],

Ensure clear guidance in emergencies with our highly visible emergency exit signs. Designed for durability and visibility, our signs are an essential addition to any workplace. Choose our exit signs for enhanced safety."
119,Making Your Workspace Shine!,"Hello [Customer Name],

We noticed you're interested in a Desk Lamp! Brighten up your workspace and enhance your productivity with our stylish and energy-efficient desk lamps. Check out our latest models and let us know which one suits your style.

Best regards,
[Your Name]
[Your Company]"
120,Upgrade Your Comfort with a New Chair!,"Hi [Customer Name],

Finding the perfect chair is crucial for a comfortable work environment. Explore our wide range of ergonomic chairs designed to support your posture and keep you focused. Let us know if you have any preferences or specific features in mind.

Best regards,
[Your Name]
[Your Company]"
121,Maximize Your Productivity with a New Computer!,"Dear [Customer Name],

A reliable computer is essential for efficiency. Discover our latest models with advanced features tailored to meet your needs. If you have any specific requirements or questions, feel free to reach out. We're here to help!

Best regards,
[Your Name]
[Your Company]"
122,Type Away with the Perfect Keyboard!,"Hello [Customer Name],

Enhance your typing experience with our premium keyboards! Choose from a variety of models with ergonomic designs and customizable features. Let us know your preferences, and we'll help you find the ideal keyboard.

Best regards,
[Your Name]
[Your Company]"
123,Upgrade Your Workspace with a New Mouse!,"Hi [Customer Name],

A responsive mouse is key to smooth navigation. Explore our collection of high-performance mice designed for precision and comfort. If you have any questions or specific preferences, we're here to assist!

Best regards,
[Your Name]
[Your Company]"
124,Immerse Yourself in Quality with a New Monitor!,"Dear [Customer Name],

Experience crystal-clear visuals with our latest monitors! Whether for work or play, we have a range of sizes and features to suit your needs. Let us know your preferences, and we'll find the perfect fit.

Best regards,
[Your Name]
[Your Company]"
125,Stay Connected with a New Telephone!,"Hello [Customer Name],

Efficient communication starts with a reliable telephone. Explore our selection of modern and feature-rich phones designed to keep you connected. If you have any specific requirements, feel free to reach out!

Best regards,
[Your Name]
[Your Company]"
126,Boost Your Productivity with a New Printer!,"Hi [Customer Name],

A reliable printer is a must for any office. Discover our range of printers, from compact models to high-capacity options. Let us know your printing needs, and we'll recommend the perfect printer for you.

Best regards,
[Your Name]
[Your Company]"
127,Go Digital with a New Scanner!,"Dear [Customer Name],

Simplify document management with our advanced scanners. Whether for home or office use, our scanners offer fast and efficient digitization. Let us know your scanning requirements, and we'll find the ideal solution.

Best regards,
[Your Name]
[Your Company]"
128,Illuminate Your Workspace with a Desk Lamp!,"Hello [Customer Name],

A well-lit workspace is essential for productivity. Explore our stylish desk lamps that not only brighten your desk but also add a touch of elegance. Let us know your preferences, and we'll find the perfect lamp for you.

Best regards,
[Your Name]
[Your Company]"
129,Organize Your Documents with a File Cabinet!,"Hi [Customer Name],

Efficiently manage your documents with our durable file cabinets. Explore our range of sizes and designs to find the perfect fit for your workspace. If you have specific requirements, feel free to let us know!

Best regards,
[Your Name]
[Your Company]"
130,Secure Your Information with a Shredder!,"Dear [Customer Name],

Protect your sensitive information with our reliable shredders. Explore our selection of high-security models that ensure your documents are shredded safely. Let us know your shredding needs, and we'll guide you to the right choice.

Best regards,
[Your Name]
[Your Company]"
131,Effortless Paper Management with a Stapler!,"Hello [Customer Name],

Streamline your document organization with our quality staplers. From basic models to heavy-duty options, we have the right stapler for every need. Let us know your preferences, and we'll help you choose the perfect one.

Best regards,
[Your Name]
[Your Company]"
132,Keep Your Papers Neat with Staples!,"Hi [Customer Name],

Maintain order in your workspace with our high-quality staples. Explore our selection of sizes and types to find the right staples for your specific requirements. If you have any questions, feel free to reach out!

Best regards,
[Your Name]
[Your Company]"
133,Efficient Tape Dispensing for Your Needs!,"Dear [Customer Name],

Ensure seamless tape dispensing with our reliable tape dispensers. Explore our range of designs, from classic to modern, and find the perfect fit for your workspace. If you have specific preferences, let us know!

Best regards,
[Your Name]
[Your Company]"
134,Stay Organized with Sticky Notes!,"Hello [Customer Name],

Enhance your organization with our colorful and practical sticky notes. Perfect for reminders and quick notes, our sticky notes come in various sizes and designs. Let us know your preferences, and we'll help you stay organized!

Best regards,
[Your Name]
[Your Company]"
135,Capture Ideas with a Stylish Notebook!,"Hi [Customer Name],

A quality notebook is essential for jotting down ideas. Explore our collection of stylish and functional notebooks that cater to different needs. Let us know your preferences, and we'll find the perfect notebook for you.

Best regards,
[Your Name]
[Your Company]"
136,Write with Precision Using Our Pens!,"Dear [Customer Name],

Upgrade your writing experience with our premium pens. From ballpoint to gel pens, we have a variety of styles to suit your preferences. Let us know the type of pen you prefer, and we'll guide you to the perfect writing companion.

Best regards,
[Your Name]
[Your Company]"
137,Sketch and Edit with Quality Pencils!,"Hello [Customer Name],

Bring your creativity to life with our high-quality pencils. Whether for sketching or editing, our pencils offer precision and comfort. Let us know your preferred pencil type, and we'll ensure you have the perfect tools for your artistic endeavors.

Best regards,
[Your Name]
[Your Company]"
138,Mistake-Free Writing with Erasers!,"Hi [Customer Name],

Ensure mistake-free writing with our reliable erasers. From classic erasers to innovative designs, we have options for every need. Let us know your preferred eraser type, and we'll help you maintain clean and precise work.

Best regards,
[Your Name]
[Your Company]"
139,Visualize Ideas with a Whiteboard!,"Dear [Customer Name],

Unlock your creativity with our versatile whiteboards. Ideal for brainstorming and visualizing ideas, our whiteboards come in various sizes and styles. Let us know your requirements, and we'll guide you to the perfect whiteboard for your workspace.

Best regards,
[Your Name]
[Your Company]"
140,Add Color to Your Presentations with Markers!,"Hello [Customer Name],

Elevate your presentations with our vibrant markers. Explore our range of colors and tip styles to find the perfect markers for your needs. If you have specific preferences, feel free to let us know!

Best regards,
[Your Name]
[Your Company]"
141,Highlight Important Points with Highlighters!,"Hi [Customer Name],

Ensure key points stand out with our high-quality highlighters. From subtle to bold colors, our highlighters cater to different highlighting preferences. Let us know your preferred style, and we'll guide you to the perfect set.

Best regards,
[Your Name]
[Your Company]"
142,Stay Organized with a Desk Organizer!,"Dear [Customer Name],

Enhance your workspace with our practical desk organizers. From compartments for pens to file holders, our organizers keep your desk clutter-free. Let us know your organizational needs, and we'll help you find the perfect desk organizer.

Best regards,
[Your Name]
[Your Company]"
143,Plan Your Days with a Calendar!,"Hello [Customer Name],

Stay organized and plan your days with our range of calendars. Whether for your desk or wall, our calendars come in various designs and formats. Let us know your preferences, and we'll ensure you have the perfect calendar for your needs.

Best regards,
[Your Name]
[Your Company]"
144,Keep Track of Time with a Clock!,"Hi [Customer Name],

Ensure punctuality with our stylish clocks. From classic designs to modern timepieces, our clocks are both functional and decorative. Let us know your preferred style, and we'll guide you to the perfect clock for your workspace.

Best regards,
[Your Name]
[Your Company]"
145,Stay on Schedule with a Desk Calendar!,"Dear [Customer Name],

Keep track of important dates and appointments with our desk calendars. Compact and convenient, our desk calendars fit seamlessly into your workspace. Let us know your preferences, and we'll find the perfect desk calendar for you.

Best regards,
[Your Name]
[Your Company]"
146,Secure Your Papers with Paper Clips!,"Hello [Customer Name],

Organize your documents with our reliable paper clips. From classic designs to colorful options, we have paper clips for every style. Let us know your preferred clip type, and we'll ensure you have the perfect tools for keeping your papers in order.

Best regards,
[Your Name]
[Your Company]"
147,Versatile Clipping with Binder Clips!,"Hi [Customer Name],

Enhance document organization with our versatile binder clips. Explore our range of sizes and designs to find the perfect binder clips for your needs. If you have specific preferences, feel free to let us know!

Best regards,
[Your Name]
[Your Company]"
148,Accurate Measurements with a Ruler!,"Dear [Customer Name],

Ensure precision in your work with our durable rulers. From standard rulers to specialized measuring tools, we have options for every need. Let us know your preferred ruler type, and we'll help you maintain accuracy in your projects.

Best regards,
[Your Name]
[Your Company]"
149,Send Documents Safely with Envelopes!,"Hello [Customer Name],

Protect and send your documents securely with our quality envelopes. Explore our range of sizes and styles to find the perfect envelopes for your needs. Let us know your envelope requirements, and we'll ensure you have the right ones on hand.

Best regards,
[Your Name]
[Your Company]"
150,Open Letters with Ease Using a Letter Opener!,"Hi [Customer Name],

Make opening letters a breeze with our efficient letter openers. From classic designs to modern styles, our letter openers combine functionality with elegance. Let us know your preferred letter opener type, and we'll help you add a touch of sophistication to your workspace.

Best regards,
[Your Name]
[Your Company]"
151,Keep Your Workspace Tidy with a Trash Can!,"Dear [Customer Name],

Maintain a clean workspace with our durable and stylish trash cans. Explore our range of sizes and designs to find the perfect trash can for your office or home. Let us know your preferences, and we'll help you keep your space tidy.

Best regards,
[Your Name]
[Your Company]"
152,Protect Your Floors with a Chair Mat!,"Hello [Customer Name],

Preserve your floors and make your chair more comfortable with our high-quality chair mats. Explore our range of sizes and materials to find the perfect chair mat for your workspace. If you have specific requirements, feel free to let us know!

Best regards,
[Your Name]
[Your Company]"
